{
    "sceneName": "M_Spring_Scene",
    "playerPos": {
        "x": 22.31246566772461,
        "y": 0.8076397776603699,
        "z": -14.535826683044434
    },
    "playerDir": {
        "x": 0.0,
        "y": 138.82330322265626,
        "z": 0.0
    }
}